Duration (s),Throughput (MiB/s)
15.31,44.03197325
15.03,44.85226283