Duration (s),Throughput (MiB/s)
107.417,6.275817705
166.018,4.060580843
151.201,4.458499021