Duration (s),Throughput (MiB/s)
29.155,23.12226069
24.534,27.47735838
30.315,22.23749003
25.485,26.45201139