Duration (s),Throughput (MiB/s)
12.729,5.370976133
20.034,3.412556414
27.214,2.512205306