Duration (s),Throughput (MiB/s)
6.982,9.791915669
8.118,8.421674698
6.864,9.960249883